match_key,display_name,solid_motors,solid_propellant_t,aluminum_fraction,alumina_factor_kg_per_kg,submicron_alumina_factor,bc_factor_kg_per_kg,propellant_type,aluminum_basis,confidence,source_label,source_url,chemistry_note
Vulcan,Vulcan Centaur,6 × GEM 63XL,287.118,0.19,0.38,0.06,0.02,HTPB/AP/Al solid,"Documented: GEM 63XL QDL-4 is 19% Al",High,Northrop Grumman Propulsion Products Catalog,https://cdn.northropgrumman.com/-/media/wp-content/uploads/NG-Propulsion-Products-Catalog.pdf,"Motor mass is configuration-adjusted from 47.853 t per GEM 63XL. Total alumina and BC use Brown et al. 2024 HTPB emission indices; submicron alumina uses the paper's likely 60 g/kg value."
H3,H3,4 × SRB-3,267.2,0.18,0.38,0.06,0.02,HTPB/AP/Al solid,"Estimated: 18% Al analog from documented Japanese H-II-class SRB formulation; not a published SRB-3 recipe",Medium,JAXA/NAL solid-booster formulation archive,https://jaxa.repo.nii.ac.jp/record/43552/files/nalsp00024.pdf,"Live H3 configuration adjusts SRB-3 count from the H3-xy designation. Aluminum is a central engineering estimate, not a manufacturer-disclosed SRB-3 formulation."
Ariane 64,Ariane 64,4 × P160C/P120-family boosters,624.0,0.19,0.38,0.06,0.02,HTPB/AP/Al solid,"Estimated at 19% Al from documented P120C HTPB/AP/Al formulation; P160C is an enlarged derivative",Medium,P120C formulation literature,https://en.wikipedia.org/wiki/P120C,"P120C is reported as 19% Al; V3 carries 19% as the central estimate for the closely related P160C and labels it estimated."
Ariane 62,Ariane 62,2 × P160C/P120-family boosters,312.0,0.19,0.38,0.06,0.02,HTPB/AP/Al solid,"Estimated at 19% Al from documented P120C HTPB/AP/Al formulation; P160C is an enlarged derivative",Medium,P120C formulation literature,https://en.wikipedia.org/wiki/P120C,"P120C is reported as 19% Al; V3 carries 19% as the central estimate for the closely related P160C and labels it estimated."
Vega-C,Vega-C,P120C + Zefiro solid stages,193.0,0.19,0.38,0.06,0.02,HTPB/AP/Al solid,"Estimated central value: 19% Al; P120C is documented at 19%, Zefiro stages are modeled with same central fraction",Medium,P120C formulation literature,https://en.wikipedia.org/wiki/P120C,"Stage-by-stage refinement is recommended; this profile is a central estimate for the solid stack, not a claim that every Vega-C solid stage has an identical recipe."
PSLV,PSLV,PS1 + strap-ons + PS3,219.0,0.18,0.38,0.06,0.02,HTPB/AP/Al solid,"Estimated central value: 18% Al for conventional aluminized HTPB solid propulsion",Low,Brown et al. 2024 global rocket-emissions inventory,https://doi.org/10.1029/2024EA003668,"Exact mission configuration and stage formulations should be refined. V3 supplies a numerical central estimate so uncertainty is visible rather than a missing value."
LVM3,LVM3,2 × S200,410.0,0.18,0.38,0.06,0.02,HTPB/AP/Al solid,"Estimated central value: 18% Al for conventional aluminized HTPB solid propulsion",Low,Brown et al. 2024 global rocket-emissions inventory,https://doi.org/10.1029/2024EA003668,"S200 mass is tracked; aluminum fraction is a model assumption pending a formulation-specific primary source."
SLS,Space Launch System,2 × five-segment SRBs,1452.0,0.16,0.38,0.06,0.02,PBAN/AP/Al solid,"Documented heritage formulation: 16% aluminum",High,NASA solid rocket booster reference,https://www.nasa.gov/reference/the-space-shuttle/,"SLS five-segment boosters derive from Shuttle RSRM heritage. V3 uses the documented 16% heritage composition and marks the basis explicitly."
Falcon 9,Falcon 9,Merlin liquid stages,488.37,0,0,0,0.02,RP-1/LOX liquid,"0% aluminum-loaded solid propellant",Medium,SpaceX + Brown et al. emissions inventory,https://www.spacex.com/vehicles/falcon-9/fairing,"No alumina model. Black carbon is modeled using Brown et al.'s RP-1/LOX 20 g/kg emission index and an engineering propellant-mass estimate; it is not a direct plume measurement."
Falcon Heavy,Falcon Heavy,27 Merlin first-stage engines + upper stage,1465.11,0,0,0,0.02,RP-1/LOX liquid,"0% aluminum-loaded solid propellant",Low,SpaceX + Brown et al. emissions inventory,https://www.spacex.com/vehicles/falcon-heavy/,"Approximate three-core scaling for a research comparison; refine stage loading before publication. Alumina is zero in this propulsion model; BC uses the RP-1/LOX literature emission index."
Starship,Starship,Raptor liquid stages,0,0,0,0,0,CH4/LOX liquid,"0% aluminum-loaded solid propellant",Medium,SpaceX vehicle documentation,https://www.spacex.com/vehicles/starship/,"Methane/LOX does not generate alumina from aluminum-loaded solid propellant. V3 does not assign a BC number without a methane-specific emission factor in the curated model."
